Track ID,Artist - Title,Genre
1,Lady Gaga featuring Beyonce - Telephone,Pop
2,Coldplay - In My Place,Pop
3,Clara Berry and Wooldog - The Bad Guys,Singer/Songwriter
4,Helado Negro - Mitad del Mundo,Pop
5,Martina McBride - This Ones for the Girls,Pop
6,Ethan Hein - Harmonica Figure,Electronic/Fusion
7,Ethan Hein - 1930s Synth and Upright Bass,Electronic/Fusion
8,KoRn - Freak On A Leash,Rock
9,Music Delta - Speed Metal,Rock
10,The Beatles - While My Guitar Gently Weeps,Rock
11,BigTroubles - Phantom,Rock
12,NYU - Lenfant prodigue,Classical
13,Bruno Mars - Just The Way You Are,Pop
14,Live - I Alone,Rock
15,Knack - My Sharona,Rock
16,Billy Squier - The Stroke,Rock
17,Bach10 - 03 Christederdubist Tagund Licht,Classical
18,Music Delta Multitracks - Hendrix,Rock
19,Lit - My Own Worst Enemy,Rock
20,Music Delta - Chinese Henan Style,World/Folk
21,Strand of Oaks - Spacestation,Pop
22,Lushlife - Toynbee Suite,Rap
23,Third Eye Blind - Jumper,Singer/Songwriter
24,The So So Glos - Emergency,Rock
25,Tabla Breakbeat Science - Phase Transition,Electronic/Fusion
26,Cat Martino - I Promise,Electronic/Fusion
27,Croque Madame - Pilot (Lakelot),Jazz
28,NYU - Mignon (Kennst du das Land) Op.92a Mvt.1,Classical
29,Vanilla Ice - Ice Ice Baby,Rap
30,Barefoot Sisters - Red Jetta,Singer/Songwriter
31,Phoenix - Elzic's Farewell,World/Folk
32,Music Delta Multitracks - Country2,Musical Theatre
33,Sasquatch Connection - Struttin,Jazz
34,Cameron-Mitchell Ware & Sergi Casanelles - Yes Sir I Can Fly,Musical Theatre
35,Tabla Breakbeat Science - Milo vs Mongo,Electronic/Fusion
36,Sasquatch Connection - Thanks a Latte,Jazz
37,Snowmine - Curfews,Pop
38,Black Eyed Peas - I Gotta Feeling,Pop
39,Karim Douaidy - Hopscotch,World/Folk
40,Declare a String - Mendelssohn Piano Trio 1 Movement 2,Classical
41,The Last Goodnight - Pictures Of You,Rock
42,Cherry Poppin Daddies - Zoot Suit Riot,Jazz
43,Matthew Entwistle - The Arch,Classical
44,Police Hearing Department - Brahms,Classical
45,Meaxic - You Listen,Rock
46,Declare A String - Mendelssohn Piano Trio 1 Movement 1,Classical
47,Music Delta - Free Jazz,Jazz
48,Incubus - Drive,Rock
49,Tempered Elan - Dorothy Jeanne,Classical
50,Misfits - Astro Zombies,Rock
51,The Beatles - Within You Without You,World/Folk
52,Tabla Breakbeat Science - Captain Sky,Electronic/Fusion
53,Phoenix - Sean Caughlin's - The Scartaglen,World/Folk
54,Music Delta - Bebop Jazz,Jazz
55,Alexander Ross - Velvet Curtain,Singer/Songwriter
56,INXS - Need You Tonight,Pop
57,Bach10 - 06 Die Sonne,Classical
58,Bach10 - 04 Christe Du Beistand,Classical
59,Carrie Underwood - Home Sweet Home,Pop
60,Slow Ghost - You’re a Mystery,Jazz
61,Night Panther - Fire,Pop
62,Keith Urban - I Told You So,World/Folk
63,Music Delta Multitracks - Beethoven,Classical
64,NYU - Erstarrung,Classical
65,Hop Along - Sister Cities,Rock
66,The All American Rejects - Dirty Little Secret,Rock
67,Music Delta - Chinese Drama,World/Folk
68,Phoenix - Lark On The Strand - Drummond Castle,World/Folk
69,Mighty Mighty Bosstones - Whered You Go,Rock
70,Muffs - Kids in America,Rock
71,Foo Fighters - All My Life,Rock
72,Chromeo - Tenderoni,Electronic/Fusion
73,Marvin Gaye - Whats Going On,Pop
74,Kenny Chesney - She Thinks My Tractor's Sexy,World/Folk
75,The Killers - Somebody Told Me,Rock
76,Sasquatch Connection - Boom Boxing,Jazz
77,Chris Jacoby - Pigs Foot,World/Folk
78,Muse - Hysteria,Rock
79,Kings Of Leon - Sex On Fire,Rock
80,Loquillo y Los Trogloditas - Cadillac Solitario,Pop
81,The Beatles - You Won't See Me,Rock
82,Kanye West - Love Lockdown,Pop
83,Hops ’n Vinyl - Reign Check,Jazz
84,Music Delta - Vivaldi,Classical
85,Flight of the Concords - Business Time,Electronic/Fusion
86,Bryan Adams - Summer of 69,Rock
87,Croque Madame - Oil,Jazz
88,SWEAT - Elegy,Jazz
89,Linkin Park - In The End,Rock
90,Lady Gaga - Born This Way,Pop
91,Creepoid - OldTree,Rock
92,Bach10 - 02 Ach Lieben Christen,Classical
93,Music Delta Multitracks - Grieg Trolltog,Classical
94,Bach10 - 07 Herr Gott,Classical
95,Bush - Machinehead,Rock
96,Blink 182 - All the Small Things,Rock
97,Fennel Cartwright - Winter Lake,Classical
98,Fennel Cartwright - Flower Drum Song,Rock
99,Clara Berry and Wooldog - Boys,Singer/Songwriter
100,Tabla Breakbeat Science - Scorpio,Electronic/Fusion
101,AvaLuna - Waterduct,Rock
102,Liz Nelson & Jennifer Davies - Coldwar,Singer/Songwriter
103,Liz Nelson - I'm Coming Home,World/Folk
104,Coldplay - Shiver,Pop
105,Third Eye Blind - Never Let You Go,Rock
106,Music Delta - Pachelbel Canon,Classical
107,Arctic Monkeys - Brainstorm,Rock
108,Katzn - Charlie Knox,Classical
109,Verdi - Il Trovatore,Classical
110,Lady Gaga - Bad Romance,Pop
111,Meaxic - Take A Step,Rock
112,Counting Crows - Accidentally In Love,Pop
113,Torres - New Skin,Rock
114,Arcade Fire - Black Mirror,Pop
115,Matthew Entwistle - Fairer Hopes,Classical
116,Van Halen - Jump,Rock
117,Steven Clark - Bounty,Pop
118,Matthew Entwistle - The Flaxen Field,Classical
119,The Beatles - When I'm 64,Rock
120,Joel Helander - In the Attic Bedroom (Suite Part Three),Classical
121,Vampire Weekend - Cousins,Rock
122,Blue Oyster Cult - Don't Fear the Reaper,Rock
123,Alanis Morissette - You Oughta Know,Rock
124,Fennel Cartwright - Dear Tessie,Classical
125,Blondie - One Way Or Another,Rock
126,Sweat - SN 1572,Jazz
127,Music Delta Multitracks - Grunge,Rock
128,Matthew Entwistle - Dont You Ever,Jazz
129,Tom Petty - Free Fallin,Rock
130,Matthew Entwistle - Return To Venezia,Classical
131,KISS - Rock and Roll All Nite,Rock
132,Police Hearing Department - Schumann Movement 2,Classical
133,Music Delta - Latin Jazz,Jazz
134,Tabla Breakbeat Science - Rock Steady,Electronic/Fusion
135,Carl Douglas - Kung Fu Fighting,Pop
136,Clara Berry and Wooldog - Waltz For My Victims,Singer/Songwriter
137,Secret Mountains - High Horse,Pop
138,Amadeus Redux - Mozart Allegro,Classical
139,Phoenix - The Broken Pledge - Chicago Reel,World/Folk
140,Falling Sparks - Improvisation 2,World/Folk
141,Taylor Swift - Love Story,Pop
142,NYU - Dies Bildnis,Classical
143,Thin Lizzy - The Boys Are Back In Town,Rock
144,Aimee Norwich - Flying,World/Folk
145,Bach10 - 01 Ach Gottund Herr,Classical
146,Police Hearing Department - Schumann Movement 1,Classical
147,Anberlin - The Feel Good Drag,Rock
148,Sasquatch Connection - Illuminati,Jazz
149,Allegria - Mendelssohn Movement 1,Classical
150,Music Delta - Chinese Xin Jing,World/Folk
151,Tesla - Modern Day Cowboy,Rock
152,Cheap Trick - I Want You To Want Me,Rock
153,Slow Ghost - Peanut,Jazz
154,Hops 'n Vinyl - Chicken Fried Steak,Jazz
155,Purling Hiss - Lolita,Rock
156,Joel Helander - Definition,Classical
157,The NoHo String Orchestra - Elgar Movement 1,Classical
158,Midnight Blue - Hunting Season,Rock
159,Slow Ghost - Midnight Groove,Jazz
160,Phoenix - The Collier's Daughter,World/Folk
161,The Allman Brothers Band - Ramblin Man,World/Folk
162,The Beatles - With a Little Help From My Friends,Rock
163,Crazy Frog - Jingle Bells,Electronic/Fusion
164,Amar Lal - Spring Day 1,Singer/Songwriter
165,Cayetana - Miss Thing,Rock
166,The Bronx - False Alarm,Rock
167,Vampire Weekend - Holiday,Pop
168,SWEAT - Mesozoic,Jazz
169,Music Delta Multitracks - Disco,Pop
170,Aimee Norwich - Child,Singer/Songwriter
171,TV On The Radio - Wolf Like Me,Rock
172,La Roux - Bulletproof,Pop
173,Tabla Breakbeat Science - Animoog,Electronic/Fusion
174,Falling Sparks - Pak Klong Talad,World/Folk
175,Police Hearing Department - Vivaldi Movement 2,Classical
176,Trevor and the Soundwaves - Alone and Sad,Rock
177,The Franck Duo - Franck Violin Sonata in A Major Movement 2,Classical
178,The Black Keys - Your Touch,Rock
179,The Bronx - Six Days a Week,Rock
180,Tempered Elan - Wise One,Classical
181,SWEAT - Almost Always,Jazz
182,NYU - Bester Jungling,Classical
183,Amar Lal - Rest,Singer/Songwriter
184,The Franck Duo - Franck Violin Sonata in A Major Movement 1,Classical
185,Faces on Film - Waiting for GA,Singer/Songwriter
186,Mike Oldfield - Quicksilver,Electronic/Fusion
187,Caitlin Michelle Remmel & Benjamin Hood - Don't Hear A Thing,Musical Theatre
188,The Kitchenettes - Alive,Pop
189,Music Delta Multitracks - Country1,Singer/Songwriter
190,Alexander Ross - Goodbye Bolero,Singer/Songwriter
191,NYU - Die Bekherte,Classical
192,Chumbawamba - Tubthumping,Rock
193,Grants - PunchDrunk,Rap
194,Marvin Gaye - I Heard It Through The Grapevine,Pop
195,Lenny Kravitz - Are You Gonna Go My Way,Rock
196,Music Delta - Modal Jazz,Jazz
197,The Bravery - Believe,Rock
198,Aerosmith - Love in an Elevator,Rock
199,SWEAT - Anecdoche,Jazz
200,Matthew Entwistle - Lontano,Classical
201,AC DC - Back In Black,Rock
202,Slow Ghost - First Snow,Jazz
203,Adele - Someone Like You,Pop
204,Tonic - If You Could Only See,Rock
205,The Beatles - What Goes On,Rock
206,The Kooks - Naive,Rock
207,Music Delta Multitracks - Britpop,Pop
208,Maroon 5 - This Love,Pop
209,Music Delta - Chinese Yao Zu,World/Folk
210,Brooks Dunn - Hillbilly Deluxe,Pop
211,Little Tybee - The Alchemist,Rock
212,Joel Helander - Excessive Resistance to Change,Classical
213,Village People - YMCA,Pop
214,Michael Jackson - Beat It,Pop
215,Billy Idol - White Wedding,Rock
216,Music Delta - Chinese Chao Zhou,World/Folk
217,Kansas - Carry On My Wayward Son,Rock
218,Ethan Hein - Girl On A Bridge,Electronic/Fusion
219,Filthy Bird - I'd Like To Know,Rock
220,Ethan Hein - Blues For Nofi,Electronic/Fusion
221,Bruno Mars - Grenade,Pop
222,Falling Sparks - Improvisation 3,World/Folk
223,The NoHo String Orchestra - Elgar Movement 3,Classical
224,Los Lobos - La Bamba,World/Folk
225,Fleetwood Mac - Rhiannon,Rock
226,Police Hearing Department - Vivaldi Movement 1,Classical
227,Lewis And Clarke - The Silver Sea,Pop
228,The Turtles - Happy Together,Pop
229,Bruno Mars - Marry You,Pop
230,Tabla Breakbeat Science - Moody Plucks,Electronic/Fusion
231,Pattern Is Movement - Save Me,Electronic/Fusion
232,Bach10 - 10 Nun Bitten,Classical
233,Port St Willow - Stay Even,Singer/Songwriter
234,Dead Milkmen - Prisoner's Cinema,Rock
235,Auctioneer - Our Future Faces,Singer/Songwriter
236,The Beatles - Yellow Submarine,World/Folk
237,Tom Petty and The Heartbreakers - I Wont Back Down,Rock
238,Bach10 - 05 Die Nacht,Classical
239,Music Delta - Chinese Jiang Nan,World/Folk
240,Talking Heads - Psycho Killer,Pop
241,Music Delta Multitracks - Punk,Rock
242,Rodrigo Bonelli - Ballad for Laura,Jazz
243,A Classic Education - NightOwl,Singer/Songwriter
244,Brad Paisley - Mud On The Tires,Pop
245,Music Delta Multitracks - In the Hall of the Mountain King,Classical
246,Cold War Kids - Hang Me Up To Dry,Rock
247,Boston - More Than a Feeling,Rock
248,Wild Cherry - Play That Funky Music,Pop
249,Bach10 - 08 Fuer Deinen Thron,Classical
250,The Beatles - Twist and Shout,Rock
251,Corinne Bailey Rae - Put Your Records On,Pop
252,Lamb Of God - Requiem,Rock
253,The NoHo String Orchestra - Elgar Movement 2,Classical
254,Cassandra Jenkins - Perfect Day,Pop
255,Black Sabbath - War Pigs,Rock
256,Hops ’n Vinyl - Widows Walk,Jazz
257,Quantum Chromos - Circuits,Classical
258,Chris Jacoby - Booth Shot Lincoln,World/Folk
259,Clara Berry and Wooldog - Stella,Singer/Songwriter
260,The Beatles - Wait,Rock
261,Kaiser Chiefs - Ruby,Rock
262,Music Delta - Funk Jazz,Jazz
263,Lynyrd Skynyrd - Free Bird,Rock
264,Fruit Cathedral - Keep Me Runnin,Singer/Songwriter
265,Dreamers of the Ghetto - Heavy Love,Pop
266,Invisible Familiars - Disturbing Wildlife,Singer/Songwriter
267,Tabla Breakbeat Science - WhoIsIt,Electronic/Fusion
268,Music Delta Multitracks - Rockabilly,Rock
269,Sweet Lights - You Let Me Down,Pop
270,Bach10 - 09 Jesus,Classical
271,The Ton Tons - Lush,Rock
272,Music Delta Multitracks - Rock,Rock
273,Tleilax Ensemble - Melancholy Flowers,Classical
274,Dahka Band - Soldier Man,World/Folk
275,Sasquatch Connection - Holy Clams Batman,Jazz
276,Music Delta - Zeppelin,Rock
277,All That Remains - Chiron,Rock
278,Miley Cyrus - 7 Things,Pop
279,Midnight Blue - Stars Are Screaming,Rock
280,Falling Sparks - Improvisation 1,World/Folk
281,The Districts - Vermont,Rock
282,MC Frontalot - Livin On The Corner Of Dude And Catastrophe,Rock
283,T-Pain - Bartender,Pop
284,Tabla Breakbeat Science - Vger,Electronic/Fusion
285,Matthew Entwistle - An Evening With Oliver,Classical
286,Hops ’n Vinyl - Honey Brown,Jazz
287,Michael Kropf - All Good Things,Classical
288,Lily Allen - Not Fair,Pop
289,Phoenix - Lark On The Strand - Drummond Castle,World/Folk
290,Matthew Entwistle - Impressions of Saturn,Classical
291,Hezekiah Jones - Borrowed Heart,Singer/Songwriter
292,Mutual Benefit - Not For Nothing,Singer/Songwriter
293,NYU - Tornami a Vagheggiar,Classical
294,Amadeus Redux - Schubert Movement 2,Classical
295,Count Zero - Shake,Rock
296,An Endless Sporadic - Anything,Electronic/Fusion
297,KT Tunstall - Suddenly I See,Pop
298,Music Delta Multitracks - 80s Rock,Rock
299,Music Delta Multitracks - Gospel,Musical Theatre
300,Police Hearing Department - Vivaldi Movement 3,Classical
301,Celestial Shore - Die For Us,Singer/Songwriter
302,A Ha - Take On Me,Pop
303,Song Yi Jeon - Two Moons,Jazz
304,Karachacha - Volamos,Jazz
305,CeeLo Green - Forget You,Pop
306,Music Delta Multitracks - Beatles,Singer/Songwriter
307,Bob Seger - Old Time Rock And Roll,Rock
308,Plasma - Good Shout,Rock
309,SWEAT - Tact,Jazz
310,KT Tunstall - Black Horse And The Cherry Tree,Pop
311,Tleilax Ensemble - Late,Classical
312,Miranda Cosgrove - Headphones On,Rock
313,Peter Matthew Bauer - You Always Look For Someone Lost,Singer/Songwriter
314,Music Delta - Fusion Jazz,Jazz
315,Family Band - Again,Singer/Songwriter
316,Music Delta Multitracks - Reggae,Rock
317,Amadeus Redux - Schubert Movement 3,Classical
318,Taylor Swift - You Belong With Me,Pop
319,The Scarlet Brand - Les Fleurs Du Mal,Rock
320,Christina Aguilera - Genie In A Bottle,Pop
321,Karim Douaidy - Yatora,World/Folk
322,Tears for Fears - Everybody Wants to Rule the World,Pop
323,Music Delta - Swing Jazz,Jazz
324,Music Delta - Shadows,Rock
325,Chris Brown - Yeah,Pop
326,Modest Mouse - Float On,Pop
327,Liz Nelson & Jennifer Davies - Rainfall,Singer/Songwriter
328,Clara Berry and Wooldog - Air Traffic,Singer/Songwriter
329,Music Delta - Cool Jazz,Jazz
330,Weezer - Island In The Sun,Rock